Workbook

Sheet 1223有医院代码
A1: CSO编号 | B1: 医生姓名 | C1: 性别 | D1: 医院名称 | E1: 医院ID | F1: 标准科室 | G1: 专业职称 | H1: 手机号 | I1: 所属员工邮箱
A2: CSO00000001 | B2: 于占彪 | C2: 男 | D2: 河北大学附属医院 | E2: =VLOOKUP($D2,[1]医生名单!$M:$N,2,0) -> H1306009 | F2: ICU | G2: 主任医师 | H2: 15188655821 | I2: xiangyu.gao@everestmedicines.com
A3: CSO00000002 | B3: 赵松颖 | C3: 女 | D3: 河北大学附属医院 | E3: =VLOOKUP($D3,[1]医生名单!$M:$N,2,0) -> H1306009 | F3: 血液科 | G3: 主任医师 | H3: 15031273319 | I3: xiangyu.gao@everestmedicines.com
A4: CSO00000003 | B4: 高峰 | C4: 男 | D4: 华北理工大学附属医院 | E4: =VLOOKUP($D4,[1]医生名单!$M:$N,2,0) -> H1302010 | F4: 血液科 | G4: 主任医师 | H4: 15383057877 | I4: xiangyu.gao@everestmedicines.com
A5: CSO00000004 | B5: 张海霞 | C5: 女 | D5: 华北理工大学附属医院 | E5: =VLOOKUP($D5,[1]医生名单!$M:$N,2,0) -> H1302010 | F5: 血液科 | G5: 主任医师 | H5: 15383055878 | I5: xiangyu.gao@everestmedicines.com
A6: CSO00000005 | B6: 郑丽坤 | C6: 女 | D6: 华北理工大学附属医院 | E6: =VLOOKUP($D6,[1]医生名单!$M:$N,2,0) -> H1302010 | F6: 血液科 | G6: 主任医师 | H6: 15373569166 | I6: xiangyu.gao@everestmedicines.com
A7: CSO00000006 | B7: 杨美荣 | C7: 女 | D7: 华北理工大学附属医院 | E7: =VLOOKUP($D7,[1]医生名单!$M:$N,2,0) -> H1302010 | F7: 血液科 | G7: 主任医师 | H7: 13832964045 | I7: xiangyu.gao@everestmedicines.com
A8: CSO00000007 | B8: 冯术青 | C8: 女 | D8: 华北理工大学附属医院 | E8: =VLOOKUP($D8,[1]医生名单!$M:$N,2,0) -> H1302010 | F8: 血液科 | G8: 主任医师 | H8: 13832833342 | I8: xiangyu.gao@everestmedicines.com
A9: CSO00000008 | B9: 白静 | C9: 女 | D9: 华北理工大学附属医院 | E9: =VLOOKUP($D9,[1]医生名单!$M:$N,2,0) -> H1302010 | F9: ICU | G9: 主任医师 | H9: 18032538681 | I9: xiangyu.gao@everestmedicines.com
A10: CSO00000009 | B10: 王宝华 | C10: 男 | D10: 华北理工大学附属医院 | E10: =VLOOKUP($D10,[1]医生名单!$M:$N,2,0) -> H1302010 | F10: ICU | G10: 副主任医师 | H10: 13383059991 | I10: xiangyu.gao@everestmedicines.com
A11: CSO00000010 | B11: 程爱斌 | C11: 男 | D11: 华北理工大学附属医院 | E11: =VLOOKUP($D11,[1]医生名单!$M:$N,2,0) -> H1302010 | F11: ICU | G11: 主任医师 | H11: 15383055978 | I11: xiangyu.gao@everestmedicines.com
A12: CSO00000011 | B12: 王建军 | C12: 男 | D12: 华北理工大学附属医院 | E12: =VLOOKUP($D12,[1]医生名单!$M:$N,2,0) -> H1302010 | F12: ICU | G12: 副主任医师 | H12: 13832585692 | I12: xiangyu.gao@everestmedicines.com
A13: CSO00000012 | B13: 王瑞刚 | C13: 男 | D13: 华北理工大学附属医院 | E13: =VLOOKUP($D13,[1]医生名单!$M:$N,2,0) -> H1302010 | F13: ICU | G13: 主任医师 | H13: 18632511199 | I13: xiangyu.gao@everestmedicines.com
... A24: CSO00000023 | B24: 赵坤宵 | C24: 女 | D24: 河北医科大学第一医院 | E24: =VLOOKUP($D24,[1]医生名单!$M:$N,2,0) -> H1301040 | F24: 肾内科 | G24: 主任医师 | H24: 18032695022 | I24: xiangyu.gao@everestmedicines.com
A25: CSO00000024 | B25: 赵帅 | C25: 女 | D25: 河北医科大学第一医院 | E25: =VLOOKUP($D25,[1]医生名单!$M:$N,2,0) -> H1301040 | F25: 医学检验科 | G25: 主任技师 | H25: 135 6005 5928 | I25: xiangyu.gao@everestmedicines.com
A26: CSO00000025 | B26: 王嘉 | C26: 女 | D26: 河北医科大学第一医院 | E26: =VLOOKUP($D26,[1]医生名单!$M:$N,2,0) -> H1301040 | F26: 感染科 | G26: 主任医师 | H26: 18633889952 | I26: xiangyu.gao@everestmedicines.com
A27: CSO00000026 | B27: 田佳 | C27: 女 | D27: 河北医科大学第一医院 | E27: =VLOOKUP($D27,[1]医生名单!$M:$N,2,0) -> H1301040 | F27: 综合ICU | G27: 主任医师 | H27: 18633888269 | I27: xiangyu.gao@everestmedicines.com
A28: CSO00000027 | B28: 李杰 | C28: 男 | D28: 河北省人民医院 | E28: =VLOOKUP($D28,[1]医生名单!$M:$N,2,0) -> H1301001 | F28: 血液科 | G28: 主任医师 | H28: 13831198951 | I28: xiangyu.gao@everestmedicines.com
A29: CSO00000028 | B29: 申丽旻 | C29: 女 | D29: 河北省人民医院 | E29: =VLOOKUP($D29,[1]医生名单!$M:$N,2,0) -> H1301001 | F29: 综合ICU | G29: 主任医师 | H29: 13230116311 | I29: xiangyu.gao@everestmedicines.com
A30: CSO00000029 | B30: 杜全胜 | C30: 男 | D30: 河北省人民医院 | E30: =VLOOKUP($D30,[1]医生名单!$M:$N,2,0) -> H1301001 | F30: 急诊科 | G30: 副主任医师 | H30: 13230163769 | I30: xiangyu.gao@everestmedicines.com
A31: CSO00000030 | B31: 任珊 | C31: 女 | D31: 河北省人民医院 | E31: =VLOOKUP($D31,[1]医生名单!$M:$N,2,0) -> H1301001 | F31: 综合ICU | G31: 副主任医师 | H31: 15832141860 | I31: xiangyu.gao@everestmedicines.com
A32: CSO00000031 | B32: 闫莉 | C32: 女 | D32: 河北省人民医院 | E32: =VLOOKUP($D32,[1]医生名单!$M:$N,2,0) -> H1301001 | F32: 呼吸ICU | G32: 主任医师 | H32: 18203207882 | I32: xiangyu.gao@everestmedicines.com
A33: CSO00000032 | B33: 刘洪英 | C33: 女 | D33: 河北省人民医院 | E33: =VLOOKUP($D33,[1]医生名单!$M:$N,2,0) -> H1301001 | F33: 感染科 | G33: 主任医师 | H33: 18831115603 | I33: xiangyu.gao@everestmedicines.com
A34: CSO00000033 | B34: 宫小薇 | C34: 女 | D34: 河北医科大学第二医院 | E34: =VLOOKUP($D34,[1]医生名单!$M:$N,2,0) -> H1301002 | F34: 呼吸ICU | G34: 副主任医师 | H34: 15833119392 | I34: xiangyu.gao@everestmedicines.com
A35: CSO00000034 | B35: 于婧 | C35: 女 | D35: 河北医科大学第二医院 | E35: =VLOOKUP($D35,[1]医生名单!$M:$N,2,0) -> H1301002 | F35: 呼吸ICU | G35: 副主任医师 | H35: 15833952017 | I35: xiangyu.gao@everestmedicines.com
A36: CSO00000035 | B36: 潘文森 | C36: 男 | D36: 河北医科大学第二医院 | E36: =VLOOKUP($D36,[1]医生名单!$M:$N,2,0) -> H1301002 | F36: 呼吸ICU | G36: 主任医师 | H36: 18233106557 | I36: xiangyu.gao@everestmedicines.com
A37: CSO00000036 | B37: 高恒波 | C37: 男 | D37: 河北医科大学第二医院 | E37: =VLOOKUP($D37,[1]医生名单!$M:$N,2,0) -> H1301002 | F37: 急诊ICU | G37: 主任医师 | H37: 18233106588 | I37: xiangyu.gao@everestmedicines.com
... A112: CSO00000111 | B112: 张朝辉 | C112: 男 | D112: 宜昌市中心人民医院 | E112: =VLOOKUP($D112,[1]医生名单!$M:$N,2,0) -> H4205001 | F112: ICU | G112: 主任医师 | H112: 15071737290 | I112: jin.zhang@everestmedicines.com
A113: CSO00000112 | B113: 龚勋 | C113: 男 | D113: 宜昌市中心人民医院 | E113: =VLOOKUP($D113,[1]医生名单!$M:$N,2,0) -> H4205001 | F113: ICU | G113: 副主任医师 | H113: 158 7254 9520 | I113: jin.zhang@everestmedicines.com
A114: CSO00000113 | B114: 钟建华 | C114: 女 | D114: 宜昌市中心人民医院 | E114: =VLOOKUP($D114,[1]医生名单!$M:$N,2,0) -> H4205001 | F114: ICU | G114: 副主任医师 | H114: 15972705481 | I114: jin.zhang@everestmedicines.com
A115: CSO00000114 | B115: 万鹏 | C115: 男 | D115: 宜昌市中心人民医院 | E115: =VLOOKUP($D115,[1]医生名单!$M:$N,2,0) -> H4205001 | F115: ICU | G115: 主任医师 | H115: 18671740020 | I115: jin.zhang@everestmedicines.com
A116: CSO00000115 | B116: 张新黎 | C116: 女 | D116: 宜昌市中心人民医院 | E116: =VLOOKUP($D116,[1]医生名单!$M:$N,2,0) -> H4205001 | F116: ICU | G116: 主任医师 | H116: 13997699724 | I116: jin.zhang@everestmedicines.com
A117: CSO00000116 | B117: 李文田 | C117: 男 | D117: 宜昌市中心人民医院 | E117: =VLOOKUP($D117,[1]医生名单!$M:$N,2,0) -> H4205001 | F117: 呼吸ICU | G117: 副主任医师 | H117: 15872672621 | I117: jin.zhang@everestmedicines.com
A118: CSO00000117 | B118: 曹路 | C118: 男 | D118: 宜昌市中心人民医院 | E118: =VLOOKUP($D118,[1]医生名单!$M:$N,2,0) -> H4205001 | F118: 呼吸ICU | G118: 副主任医师 | H118: 13545751633 | I118: jin.zhang@everestmedicines.com
A119: CSO00000118 | B119: 李朋 | C119: 男 | D119: 宜昌市中心人民医院 | E119: =VLOOKUP($D119,[1]医生名单!$M:$N,2,0) -> H4205001 | F119: 呼吸ICU | G119: 主治医师 | H119: 15997596372 | I119: jin.zhang@everestmedicines.com
A120: CSO00000119 | B120: 牟干 | C120: 男 | D120: 宜昌市中心人民医院 | E120: =VLOOKUP($D120,[1]医生名单!$M:$N,2,0) -> H4205001 | F120: 呼吸ICU | G120: 主治医师 | H120: 15672485808 | I120: jin.zhang@everestmedicines.com
A121: CSO00000120 | B121: 向光明 | C121: 男 | D121: 宜昌市中心人民医院 | E121: =VLOOKUP($D121,[1]医生名单!$M:$N,2,0) -> H4205001 | F121: 呼吸内科 | G121: 主任医师 | H121: 13986755610 | I121: jin.zhang@everestmedicines.com
A122: CSO00000121 | B122: 苏建 | C122: 男 | D122: 宜昌市中心人民医院 | E122: =VLOOKUP($D122,[1]医生名单!$M:$N,2,0) -> H4205001 | F122: 呼吸内科 | G122: 副主任医师 | H122: 15897502271 | I122: jin.zhang@everestmedicines.com
A123: CSO00000122 | B123: 王海燕 | C123: 女 | D123: 宜昌市中心人民医院 | E123: =VLOOKUP($D123,[1]医生名单!$M:$N,2,0) -> H4205001 | F123: 血液内科 | G123: 副主任医师 | H123: 15872639122 | I123: jin.zhang@everestmedicines.com
A124: CSO00000123 | B124: 郑静 | C124: 男 | D124: 宜昌市中心人民医院 | E124: =VLOOKUP($D124,[1]医生名单!$M:$N,2,0) -> H4205001 | F124: 血液内科 | G124: 副主任医师 | H124: 18871799726 | I124: jin.zhang@everestmedicines.com
A125: CSO00000124 | B125: 周晓琳 | C125: 女 | D125: 宜昌市中心人民医院 | E125: =VLOOKUP($D125,[1]医生名单!$M:$N,2,0) -> H4205001 | F125: 感染科 | G125: 主任医师 | H125: 13872461636 | I125: jin.zhang@everestmedicines.com
A126: CSO00000125 | B126: 谭宏祜 | C126: 男 | D126: 宜昌市中心人民医院 | E126: =VLOOKUP($D126,[1]医生名单!$M:$N,2,0) -> H4205001 | F126: 感染科 | G126: 副主任医师 | H126: 15926958049 | I126: jin.zhang@everestmedicines.com
A127: CSO00000126 | B127: 梅昭 | C127: 男 | D127: 宜昌市中心人民医院 | E127: =VLOOKUP($D127,[1]医生名单!$M:$N,2,0) -> H4205001 | F127: 药剂科 | G127: 副主任药师 | H127: 158 9750 2346 | I127: jin.zhang@everestmedicines.com
A128: CSO00000127 | B128: 姚海平 | C128: 男 | D128: 宜昌市中心人民医院 | E128: =VLOOKUP($D128,[1]医生名单!$M:$N,2,0) -> H4205001 | F128: 药剂科 | G128: 副主任药师 | H128: 18827291020 | I128: jin.zhang@everestmedicines.com
A129: CSO00000128 | B129: 李乾元 | C129: 男 | D129: 宜昌市中心人民医院 | E129: =VLOOKUP($D129,[1]医生名单!$M:$N,2,0) -> H4205001 | F129: 医学检验科 | G129: 副主任技师 | H129: 13477156386 | I129: jin.zhang@everestmedicines.com
A130: CSO00000129 | B130: 王鹏 | C130: 男 | D130: 宜昌市中心人民医院 | E130: =VLOOKUP($D130,[1]医生名单!$M:$N,2,0) -> H4205001 | F130: 医学检验科 | G130: 主管技师 | H130: 15571752979 | I130: jin.zhang@everestmedicines.com
A131: CSO00000130 | B131: 覃红梅 | C131: 女 | D131: 玉林市第一人民医院 | E131: =VLOOKUP($D131,[1]医生名单!$M:$N,2,0) -> H4509002 | F131: ICU | G131: 副主任医师 | H131: 13877508269 | I131: yuhua.yin@everestmedicines.com
A132: CSO00000131 | B132: 刘家朋 | C132: 男 | D132: 玉林市第一人民医院 | E132: =VLOOKUP($D132,[1]医生名单!$M:$N,2,0) -> H4509002 | F132: ICU | G132: 副主任医师 | H132: 13657758280 | I132: yuhua.yin@everestmedicines.com
A133: CSO00000132 | B133: 傅耀庆 | C133: 男 | D133: 玉林市第一人民医院 | E133: =VLOOKUP($D133,[1]医生名单!$M:$N,2,0) -> H4509002 | F133: ICU | G133: 副主任医师 | H133: 13877559237 | I133: yuhua.yin@everestmedicines.com
A134: CSO00000133 | B134: 黎琳 | C134: 女 | D134: 玉林市第一人民医院 | E134: =VLOOKUP($D134,[1]医生名单!$M:$N,2,0) -> H4509002 | F134: ICU | G134: 副主任医师 | H134: 13877527012 | I134: yuhua.yin@everestmedicines.com
A135: CSO00000134 | B135: 万军 | C135: 男 | D135: 玉林市第一人民医院 | E135: =VLOOKUP($D135,[1]医生名单!$M:$N,2,0) -> H4509002 | F135: 血液内科 | G135: 副主任医师 | H135: 13877565690 | I135: yuhua.yin@everestmedicines.com
A136: CSO00000135 | B136: 丘丹萍 | C136: 女 | D136: 玉林市第一人民医院 | E136: =VLOOKUP($D136,[1]医生名单!$M:$N,2,0) -> H4509002 | F136: 微生物室 | H136: 13768979722 | I136: yuhua.yin@everestmedicines.com
A137: CSO00000136 | B137: 章向成 | C137: 男 | D137: 淮安市第一人民医院 | E137: =VLOOKUP($D137,[1]医生名单!$M:$N,2,0) -> H3208002 | F137: ICU | G137: 主任医师 | H137: 15896169171 | I137: tingting.lin@everestmedicines.com
A138: CSO00000137 | B138: 郭世光 | C138: 男 | D138: 淮安市第一人民医院 | E138: =VLOOKUP($D138,[1]医生名单!$M:$N,2,0) -> H3208002 | F138: ICU | G138: 副主任医师 | H138: 15189590667 | I138: tingting.lin@everestmedicines.com
A139: CSO00000138 | B139: 惠亮亮 | C139: 男 | D139: 淮安市第一人民医院 | E139: =VLOOKUP($D139,[1]医生名单!$M:$N,2,0) -> H3208002 | F139: ICU | G139: 副主任医师 | H139: 13852372343 | I139: tingting.lin@everestmedicines.com
A140: CSO00000139 | B140: 臧奎 | C140: 男 | D140: 淮安市第一人民医院 | E140: =VLOOKUP($D140,[1]医生名单!$M:$N,2,0) -> H3208002 | F140: ICU | G140: 主任医师 | H140: 13405509668 | I140: tingting.lin@everestmedicines.com
A141: CSO00000140 | B141: 陈亮 | C141: 男 | D141: 淮安市第一人民医院 | E141: =VLOOKUP($D141,[1]医生名单!$M:$N,2,0) -> H3208002 | F141: 急诊科 | G141: 主任医师 | H141: 13952369345 | I141: tingting.lin@everestmedicines.com
A142: CSO00000141 | B142: 赵红梅 | C142: 女 | D142: 淮安市第一人民医院 | E142: =VLOOKUP($D142,[1]医生名单!$M:$N,2,0) -> H3208002 | F142: 急诊科 | G142: 主任医师 | H142: 13405508893 | I142: tingting.lin@everestmedicines.com
A143: CSO00000142 | B143: 丁邦和 | C143: 男 | D143: 淮安市第一人民医院 | E143: =VLOOKUP($D143,[1]医生名单!$M:$N,2,0) -> H3208002 | F143: 血液内科 | G143: 主任医师 | H143: 13813348520 | I143: tingting.lin@everestmedicines.com
A144: CSO00000143 | B144: 孙兵 | C144: 男 | D144: 淮安市第一人民医院 | E144: =VLOOKUP($D144,[1]医生名单!$M:$N,2,0) -> H3208002 | F144: 呼吸内科 | G144: 副主任医师 | H144: 15751260750 | I144: tingting.lin@everestmedicines.com
A145: CSO00000144 | B145: 顾艳利 | C145: 女 | D145: 淮安市第一人民医院 | E145: =VLOOKUP($D145,[1]医生名单!$M:$N,2,0) -> H3208002 | F145: 呼吸内科 | G145: 主治医师 | H145: 15261799427 | I145: tingting.lin@everestmedicines.com
A146: CSO00000145 | B146: 蒋健 | C146: 男 | D146: 淮安市第一人民医院 | E146: =VLOOKUP($D146,[1]医生名单!$M:$N,2,0) -> H3208002 | F146: 神经外科 | G146: 主任医师 | H146: 13952306669 | I146: tingting.lin@everestmedicines.com
A147: CSO00000146 | B147: 丁涟沭 | C147: 男 | D147: 淮安市第一人民医院 | E147: =VLOOKUP($D147,[1]医生名单!$M:$N,2,0) -> H3208002 | F147: 神经外科 | G147: 主任医师 | H147: 13915116667 | I147: tingting.lin@everestmedicines.com
A148: CSO00000147 | B148: 王言理 | C148: 男 | D148: 连云港市第一人民医院 | E148: =VLOOKUP($D148,[1]医生名单!$M:$N,2,0) -> H3207002 | F148: ICU | G148: 主任医师 | H148: 18961322908 | I148: tingting.lin@everestmedicines.com
... A216: CSO00000215 | B216: 郑晓婷 | C216: 女 | D216: 汕头大学医学院第一附属医院 | E216: =VLOOKUP($D216,[1]医生名单!$M:$N,2,0) -> H4405001 | F216: ICU | G216: 住院医师 | H216: 13592842955 | I216: yuhua.yin@everestmedicines.com
A217: CSO00000216 | B217: 李少杰 | C217: 男 | D217: 汕头大学医学院第一附属医院 | E217: =VLOOKUP($D217,[1]医生名单!$M:$N,2,0) -> H4405001 | F217: ICU | G217: 主治医师 | H217: a18378392983 | I217: yuhua.yin@everestmedicines.com
A218: CSO00000217 | B218: 邱文彬 | C218: 男 | D218: 汕头大学医学院第一附属医院 | E218: =VLOOKUP($D218,[1]医生名单!$M:$N,2,0) -> H4405001 | F218: ICU | G218: 副主任医师 | H218: 13592869200 | I218: yuhua.yin@everestmedicines.com
A219: CSO00000218 | B219: 陈燕琼 | C219: 女 | D219: 汕头大学医学院第一附属医院 | E219: =VLOOKUP($D219,[1]医生名单!$M:$N,2,0) -> H4405001 | F219: ICU | G219: 主治医师 | H219: 13829450358 | I219: yuhua.yin@everestmedicines.com
A220: CSO00000219 | B220: 苏勇忠 | C220: 男 | D220: 汕头大学医学院第一附属医院 | E220: =VLOOKUP($D220,[1]医生名单!$M:$N,2,0) -> H4405001 | F220: 血液科 | G220: 主任医师 | H220: 13502989279 | I220: yuhua.yin@everestmedicines.com
A221: CSO00000220 | B221: 邢学仰 | C221: 女 | D221: 汕头大学医学院第一附属医院 | E221: =VLOOKUP($D221,[1]医生名单!$M:$N,2,0) -> H4405001 | F221: 血液科 | G221: 副主任医师 | H221: 13790838801 | I221: yuhua.yin@everestmedicines.com
A222: CSO00000221 | B222: 陈芾珩 | C222: 女 | D222: 汕头大学医学院第一附属医院 | E222: =VLOOKUP($D222,[1]医生名单!$M:$N,2,0) -> H4405001 | F222: 血液科 | G222: 副主任医师 | H222: 13553398438 | I222: yuhua.yin@everestmedicines.com
A223: CSO00000222 | B223: 赖润龙 | C223: 男 | D223: 汕头大学医学院第一附属医院 | E223: =VLOOKUP($D223,[1]医生名单!$M:$N,2,0) -> H4405001 | F223: 神经外科 | G223: 主任医师 | H223: 13902735590 | I223: yuhua.yin@everestmedicines.com
A224: CSO00000223 | B224: 吴跃民 | C224: 男 | D224: 丽水市人民医院 | E224: =VLOOKUP($D224,[1]医生名单!$M:$N,2,0) -> H3311001 | F224: 急诊科 | G224: 副主任医师 | H224: 18957092317 | I224: tingting.lin@everestmedicines.com
A225: CSO00000224 | B225: 陈华 | C225: 男 | D225: 丽水市人民医院 | E225: =VLOOKUP($D225,[1]医生名单!$M:$N,2,0) -> H3311001 | F225: ICU | G225: 副主任医师 | H225: 18957092572 | I225: tingting.lin@everestmedicines.com
A226: CSO00000225 | B226: 杨海平 | C226: 女 | D226: 河南科技大学第一附属医院 | E226: =VLOOKUP($D226,[1]医生名单!$M:$N,2,0) -> H4103003 | F226: 血液科 | G226: 主任医师 | H226: 18567635763 | I226: xiangyu.gao@everestmedicines.com
A227: CSO00000226 | B227: 胡萌 | C227: 男 | D227: 河南科技大学第一附属医院 | E227: =VLOOKUP($D227,[1]医生名单!$M:$N,2,0) -> H4103003 | F227: 血液科 | G227: 副主任医师 | H227: 13233999849 | I227: xiangyu.gao@everestmedicines.com
A228: CSO00000227 | B228: 张建强 | C228: 男 | D228: 河南科技大学第一附属医院 | E228: =VLOOKUP($D228,[1]医生名单!$M:$N,2,0) -> H4103003 | F228: ICU | G228: 主任医师 | H228: 13849909841 | I228: xiangyu.gao@everestmedicines.com
A229: CSO00000228 | B229: 单琦 | C229: 女 | D229: 河南科技大学第一附属医院 | E229: =VLOOKUP($D229,[1]医生名单!$M:$N,2,0) -> H4103003 | F229: ICU | G229: 副主任医师 | H229: 18338810912 | I229: xiangyu.gao@everestmedicines.com
... A356: CSO00000355 | B356: 范琦强 | C356: 男 | D356: 山西省人民医院 | E356: =VLOOKUP($D356,[1]医生名单!$M:$N,2,0) -> H1401004 | F356: ICU | G356: 主治医师 | H356: 18435149535 | I356: xiangyu.gao@everestmedicines.com
